# 检索数据

## 4.1 SELECT语句

SQl语句是由简单的英语单词构成的。这些单词称为*关键字*.

最经常使用的SQL语句就是`SELECT`语句

用途是：

​	从一个或多个表中检索信息。

### 4.1.1 检索单个列

```mysql
mysql> SELECT first_name
    -> FROM employees;

```

**如果没有明确排序查询结果，返回的数据的顺序没有特殊意义。**

###### SQL语句不区分大小

###### 但是对于SQL关键字建议使用大写，而对所以列和表名建议使用小写，这样更易阅读和调试

###### 在处理SQL语句时，其中所以空格都被忽略，因此SQL语句可以在一行当中给出，也可以分成多行。

### 4.1.2 检索多个列 

```mysql
mysql> SELECT first_name, last_name
    -> FROM employees;

```

与检索单个列类似，只需在SELECT关键字后面给出多个列名即可，列名用逗号分隔。

### 4.1.2 检索所有列

```mysql
mysql> SELECT *
    -> FROM employees;

```

使用通配符`*`可以检索所有列

使用通配符可以检索名字未知的列，但是检索不需要的列通常会降低检索和应用程序的性能。

### 4.2 检索不同的列

`SELECT`语句会返回所以匹配的行，**如果某个值出现在多个行中，那么这个值会被多个匹配。**如果不想要这种效果，那么可以使用关键词`DISTINCT`.

```mysql
mysql> SELECT DISTINCT first_name
    -> FROM employees;

```

`DISTINCT`必须放在列名前面

`DISTINCT`应用于所有列，而不仅是前置它的列。如

```mysql
mysql> SELECT DISTINCT first_name, last_name 
    -> FROM employees;

```

除非first_name和second_name 都不同，否则所以行都会被检索出来。

## 4.3 限制结果

`SELECT`会检索出所以匹配的行，但是有时只想要前几行或其中的几行，这时可以使用关键词`LIMIT`子句

使用`LIMIT`检索出前10行

```mysql
mysql> SELECT first_name
    -> FROM employees
    -> LIMIT 10;
+------------+
| first_name |
+------------+
| Georgi     |
| Bezalel    |
| Parto      |
| Chirstian  |
| Kyoichi    |
| Anneke     |
| Tzvetan    |
| Saniya     |
| Sumant     |
| Duangkaew  |
+------------+
10 rows in set (0.00 sec)

```

可以使用`LIMIT`指定要检索的开始行和行数

```mysql
mysql> SELECT first_name
    -> FROM employees
    -> LIMIT 5,5;
+------------+
| first_name |
+------------+
| Anneke     |
| Tzvetan    |
| Saniya     |
| Sumant     |
| Duangkaew  |
+------------+
5 rows in set (0.00 sec)

```

注意事项：

- 行是从0开始数的。即第一行称为行0.
- 如果没有足够的行，MySQL将只返回它能返回的行。
- 可以使用`LIMIT 3 OFFSET 4`来代替`LIMIT 3,4`

## 4.4 使用完全限定的表名

限定列名

```mysql
mysql> SELECT employees.first_name 
    -> FROM employees;

```

限定表名

```mysql
mysql> SELECT employees.first_name  
    -> FROM employees.employees;

```

