# 第十章-创建计算字段

## 10.1 计算机字段

大多数情况下,储存在表中的数据都不是应用程序所需要的.我们需要直接从数据库中检索出转换、计算或格式化后的数据，而不是检索出数据后在客户机应用程序或报告程序中重新格式化。这时我们就需要使用到**计算字段**了。

> **字段（field）：**
>
> ​	基本上与列的意思相同，经常互换使用，不过数据库列一般称为列，而术语字段通常用在计算字段的连接上。

在SQL语句内完成的许多转换或格式化工作都可以直接在客户机应用程序内完成。一般来说，在数据库服务器上完成这些操作比在客户机中完成的要快的多，因为DBMS是设计来快速有效地完成这种处理的。

## 10.2 拼接字段

### 10.2.1 `Concat()`

> **拼接(concatenate):**
>
> ​	将值联结到一起构成单个值。

在MySQL的`SELECT`语句中，可以使用`Concat()`函数来拼接两个列。

**多数DBMS使用+或||来实现拼接，MySQL则使用Concat()函数来实现**

```mysql
mysql> SELECT Concat(first_name,' ',last_name) AS name
    -> FROM employees
    -> WHERE emp_no REGEXP '^10000';
+----------------------------------+
| Concat(first_name,' ',last_name) |
+----------------------------------+
| Hiroyasu Emden                   |
| Jasminko Antonakopoulos          |
| Claudi Kolinko                   |
| Marsja Trogemann                 |
| Avishai Nitsch                   |
| Anneke Foong                     |
| Janalee Himler                   |
| Zine Bernardinello               |
| Otmar Selvestrel                 |
| Barton Veldwijk                  |
+----------------------------------+
10 rows in set (0.07 sec)
```

`Concat()`拼接串，即把多个串连接起来形成一个较长的串，其需要一个或多个指定的串，各个串之间用逗号分隔。

### 10.2.2 Tirm函数

- `Tirm()`：去掉串左右两边的空格
- `RTirm()`：去掉串右边的空格
- `LTirm()`：去掉串左边的空格

### 10.2.3 使用别名

从前面的输出可以看出，`Concat()`成功拼接了两个列，但是返回结果中的列名是`Concat(first_name,' ',last_name)`.实际上这并不算是一个名字，它只是一个值，而一个未命名的列不能用于客户机应用中，因为客户机没法引用它，我们可以使用**别名**来解决这个问题。

>**别名(alias):**
>
>​	一个字段或一个值的替换名，别名有时候也称为**导出列**。

**别名用`AS`关键词赋予。**

```mysql
mysql> SELECT Concat(first_name,' ',last_name) AS name
    -> FROM employees
    -> WHERE emp_no REGEXP '^10000';
+-------------------------+
| name                    |
+-------------------------+
| Hiroyasu Emden          |
| Jasminko Antonakopoulos |
| Claudi Kolinko          |
| Marsja Trogemann        |
| Avishai Nitsch          |
| Anneke Foong            |
| Janalee Himler          |
| Zine Bernardinello      |
| Otmar Selvestrel        |
| Barton Veldwijk         |
+-------------------------+
10 rows in set (0.07 sec)

```

现在的列名为name，任何客户机应用都可以按名引用这个列，就像它是一个实际的表列一样。

别名还有其他用途，如在实际列名包含不符合规定的字符（如空格）时重新命名它，在原来的名字含混或容易误解的时候扩展它。

## 10.3 执行算数计算

```mysql
mysql> SELECT emp_no,salary,emp_no/1000 + salary AS true_salary 
    -> FROM salaries
    -> WHERE emp_no REGEXP '^10000';
+--------+--------+-------------+
| emp_no | salary | true_salary |
+--------+--------+-------------+
| 100006 |  42609 |  42709.0060 |
| 100003 |  40000 |  40100.0030 |
| 100006 |  45022 |  45122.0060 |
| 100002 |  40000 |  40100.0020 |
| 100003 |  43971 |  44071.0030 |
| 100006 |  45591 |  45691.0060 |
| 100008 |  40000 |  40100.0080 |
| 100002 |  42010 |  42110.0020 |
....
```

MySQL支持的基本算术操作符：

| 操作符  |  说明  |
| :--: | :--: |
|  +   |  加   |
|  -   |  减   |
|  *   |  乘   |
|  /   |  除   |

